{"cameraMode":{"drawMode":0,"name":"Shaded","section":"Shading Mode"},"sceneLighting":true,"audioPlay":false,"sceneViewState":{"showFog":true,"showMaterialUpdate":false,"showSkybox":true,"showFlares":true,"showImageEffects":true,"showParticleSystems":true},"in2DMode":false,"pivot":{"x":0.13947145640850068,"y":1.060168743133545,"z":0.09670209884643555},"rotation":{"x":0.413433313369751,"y":-0.018840432167053224,"z":0.008548532612621785,"w":0.9103206396102905},"size":6.206820011138916,"orthographic":false}